,0
004,3AZHRG4CU4K68WY82A2YJJ4EH2A037.json
010,3E7TUJ2EGCMMMIOIVVR3P3RJBJTD9U.json
011,3FDJT1UU748BZ1SGKM09H0H79W9K5P.json
012,3HRMW88U16Q7UI6I8S7DFIDKHTT0MP.json
013,3I3WADAZ9Q4UPSDVIES2OHYGT1K5OV.json
014,3G5W44VEU7I9FYH01IJ0LX8WZ62GKK.json
015,3OXV7EAXLEQ1M7KN4ZIFSKE5U6W36D.json
016,374TNBHA8BVVCS0V8TP3OJR93CDQYL.json
017,3CFVK00FWLLI2BACA5MFO68MUWO6L3.json
018,3Z2R0DQ0JHEGE4HJ6HN8LY1Q5UO2EY.json
019,3CPLWGV3MOZV8UFVKP56L83DPTFN9I.json
003,36V4Q8R5ZK0VIBBHPQ1SUO42TLOMQH.json
002,31QNSG6A5RT6R44YZQI3PFMC51X87U.json
001,30JNVC0OR9K9QXA6YTLF2JW6D92HQ1.json
021,3TK8OJTYM1LT8M4B35NUHFX5GZQVPR.json
020,3LYA37P8IQNDOH9PLWRMKMHZJX6BK2.json
005,3GU1KF0O4I1EZ865YOWUG33YD2ZPBU.json
022,3YDGXNSEOZU98HMFXSKWM322E5R846.json
009,32SCWG5HIH48TWPA2XFM5NH6Z1R6PT.json
008,320DUZ38G7ME4EBIJXJOKI8JKGMGJ3.json
007,31EUONYN2V3BNMSAO5AFSFSF6PJVOP.json
006,3PWWM24LHSYZ537STE18TO54UMM82R.json
